id,year,victim,role,actor_or_malware,initial_access_public,planes,primary_impact,disruption_reported,attack_path,path_confidence,sources
INC-01,2017,Renault-Nissan,OEM,WannaCry,"Self-propagating SMB worm (MS17-010) reaching flat plant networks",it;ot,imp_prod_stop,"Production halted at five sites (Douai and Sandouville in France, Novo Mesto in Slovenia, Pitesti in Romania, Chennai in India); most operations restored within a weekend",ext_actor|it_email|it_user_ws|ops_ews|ops_mes|imp_prod_stop,medium,https://www.controleng.com/throwback-attack-wannacry-ransomware-takes-renault-nissan-plants-offline/;https://www.nbcnews.com/business/autos/european-car-plants-halted-wannacry-ransomware-attack-n759496
INC-02,2017,Honda,OEM,WannaCry,"Residual worm infection of plant network hosts five weeks after the global outbreak",it;ot,imp_prod_stop,"Sayama plant (Japan) halted for approximately one day",ext_actor|it_email|it_user_ws|ops_ews|ops_mes|imp_prod_stop,low,https://www.pressreader.com/malaysia/new-straits-times/20170622/282351154776826
INC-03,2020,Honda,OEM,EKANS/Snake,"Intrusion into the internal corporate network; ransomware carrying an ICS-aware process kill list",it;identity;ot,imp_prod_stop,"Production interrupted in the USA, Turkey, Italy, India and Japan; several plants stopped for at least one day",ext_actor|it_user_ws|id_user_cred|id_ad|id_pam|it_sccm|imp_prod_stop,low,https://www.theregister.com/2020/06/09/honda_ransomware_snake_ekans_malware/;https://www.controleng.com/throwback-attack-snake-ransomware-hits-honda-plants/
INC-04,2022,Toyota (via Kojima Industries),OEM via Tier-1,LockBit-linked ransomware,"Compromise of a third-party business partner, then of the Tier-1 supplier's file servers",supply_chain;it,imp_prod_stop,"All 28 lines at 14 Japanese plants stopped for one day; roughly 13,000 vehicles of output lost",ext_actor|sup_tier1|sup_edi|imp_prod_stop,high,https://www.cnn.com/2022/03/01/business/toyota-japan-cyberattack-production-restarts-intl-hnk;https://www.infosecurity-magazine.com/news/toyota-production-japan-ransomware/
INC-05,2022,Denso,Tier-1,Pandora,"Ransomware intrusion at a German group company",it,imp_ip,"Approximately 1.4 TB of engineering and business data claimed by the actor; no reported line stoppage",ext_actor|sup_tier1|imp_ip,medium,https://www.bleepingcomputer.com/news/security/automotive-giant-denso-hit-by-new-pandora-ransomware-gang/
INC-06,2022,Bridgestone Americas,Tier-1,LockBit,"Ransomware intrusion into the corporate estate",it;identity;ot,imp_prod_stop,"Networks disconnected and manufacturing and retreading plants across North and Latin America stopped for several days",ext_actor|it_email|it_user_ws|id_user_cred|id_ad|id_pam|it_sccm|imp_prod_stop,low,https://www.bleepingcomputer.com/news/security/bridgestone-americas-confirms-ransomware-attack-lockbit-leaks-data/;https://industrialcyber.co/threats-attacks/bridgestone-cyberattack-disrupts-manufacturing-raises-supply-chain-concerns/
INC-07,2022,Continental,Tier-1,LockBit 3.0,"Malicious browser download executed by an employee",it;identity,imp_ip,"Approximately 40 TB of data exfiltrated, reportedly including material belonging to OEM customers; no confirmed production stoppage",ext_actor|it_user_ws|it_fileshare|imp_ip,medium,https://www.bleepingcomputer.com/news/security/lockbit-ransomware-claims-attack-on-continental-automotive-giant/;https://borncity.com/win/2022/12/17/ransomware-at-continental-infection-via-an-employees-browser-download/
INC-08,2020,Tesla (Gigafactory Nevada),OEM,Attempted insider recruitment,"Offer of USD 1 million to an employee to deploy malware inside the plant network; reported to the FBI and thwarted",it;identity,imp_prod_stop,"Attempt only: no disruption; the perpetrator pleaded guilty in 2021",ext_actor|it_insider|it_sccm|imp_prod_stop,attempted,https://www.bleepingcomputer.com/news/security/elon-musk-confirmed-russians-plans-to-extort-tesla/;https://fortune.com/2021/03/19/russian-pleads-guilty-ransomware-plot-against-tesla
INC-09,2023,Toyota (T-Connect / G-Link),OEM cloud,Misconfiguration,"Cloud environment left publicly accessible for almost ten years",cloud,imp_pii,"Vehicle location and identifier data of 2.15 million customers exposed between 2013 and 2023",ext_actor|cld_storage|imp_pii,high,https://www.bleepingcomputer.com/news/security/toyota-car-location-data-of-2-million-customers-exposed-for-ten-years/
INC-10,2024,Volkswagen Group (Cariad),OEM cloud,Misconfiguration,"Misconfigured cloud storage in the group's software subsidiary, disclosed by the Chaos Computer Club",cloud,imp_pii,"Data of about 800,000 electric vehicles, including precise location data for roughly 460,000 of them",ext_actor|cld_storage|imp_pii,high,https://www.bleepingcomputer.com/news/security/customer-data-from-800-000-electric-cars-and-owners-exposed-online/;https://electrek.co/2024/12/30/massive-data-leak-at-volkswagen-exposes-800000-ev-drivers/
INC-11,2024,CDK Global,Retail SaaS,BlackSuit,"Intrusion into a shared dealer management SaaS platform",cloud;supply_chain,imp_prod_stop,"About 15,000 dealerships reverted to manual processes for roughly two weeks; industry losses estimated above USD 1 billion; a ransom of about USD 25 million was reportedly paid",ext_actor|saas_dms|imp_prod_stop,partial,https://edition.cnn.com/2024/07/11/business/cdk-hack-ransom-tweny-five-million-dollars;https://www.techtarget.com/whatis/feature/The-CDK-Global-outage-Explaining-how-it-happened
INC-12,2024,Hyundai Motor Europe,OEM,Black Basta,"Ransomware intrusion into the European corporate estate",it;identity,imp_ip,"About 3 TB of corporate data claimed by the actor",ext_actor|it_email|it_user_ws|it_fileshare|imp_ip,low,https://www.bleepingcomputer.com/news/security/hyundai-motor-europe-hit-by-black-basta-ransomware-attack/
INC-13,2023,Nissan Oceania,OEM,Akira,"Access through remote-access infrastructure",it,imp_ip,"Personal data of about 100,000 individuals affected",ext_actor|it_vpn|it_user_ws|it_fileshare|imp_ip,medium,https://www.bleepingcomputer.com/news/security/nissan-australia-cyberattack-claimed-by-akira-ransomware-gang/
INC-14,2023,Yanfeng (Stellantis supplier),Tier-1,Qilin,"Ransomware intrusion at a Tier-1 interiors supplier",supply_chain;it,imp_prod_stop,"Reported knock-on disruption to Stellantis assembly operations in North America",ext_actor|sup_tier1|sup_edi|imp_prod_stop,medium,https://www.bleepingcomputer.com/news/security/stellantis-production-halted-after-attack-on-auto-parts-giant-yanfeng/
INC-15,2025,Tata Technologies,Engineering services,Hunters International,"Ransomware intrusion at an engineering and product-development services provider",supply_chain;it,imp_ip,"IT services suspended; about 1.4 TB of data claimed by the actor",ext_actor|sup_tier1|imp_ip,medium,https://www.bleepingcomputer.com/news/security/tata-technologies-hit-by-ransomware-attack-it-services-suspended/
INC-16,2025,Sensata Technologies,Tier-1,Ransomware,"Ransomware intrusion affecting corporate and plant-support systems",supply_chain;it,imp_prod_stop,"Shipping, receiving and manufacturing operations disrupted across multiple sites",ext_actor|sup_tier1|sup_edi|imp_prod_stop,medium,https://www.bleepingcomputer.com/news/security/sensata-technologies-hit-by-ransomware-attack-impacting-operations/
INC-17,2025,Stellantis,OEM,ShinyHunters-linked SaaS campaign,"Abuse of access to a third-party SaaS customer-service platform",cloud;supply_chain,imp_pii,"Contact data of a reported 18 million records exposed; no production impact",ext_actor|saas_crm|imp_pii,high,https://www.bleepingcomputer.com/news/security/automaker-giant-stellantis-confirms-data-breach-after-salesforce-hack/;https://techcrunch.com/2025/09/22/automaker-giant-stellantis-says-customers-personal-data-stolen-during-breach/
INC-18,2025,Jaguar Land Rover,OEM,Scattered Lapsus$ Hunters,"Not officially disclosed; public reporting points to exploitation of Internet-facing enterprise software and to third-party credentials that were never revoked",it;identity;supply_chain,imp_prod_stop,"Global production halted from 31 August 2025 with a phased restart from early October; the Cyber Monitoring Centre classified it a Category 3 systemic event costing the UK economy about GBP 1.9 billion and affecting more than 5,000 organisations; a GBP 1.5 billion loan guarantee was extended by the UK government",ext_actor|it_edge_app|it_erp|imp_prod_stop,disputed,https://cybermonitoringcentre.com/2025/10/22/cyber-monitoring-centre-statement-on-the-jaguar-land-rovercyber-incident-october-2025/;https://www.computerweekly.com/news/366633395/Jaguar-Land-Rover-attack-to-cost-UK-19bn-say-cyber-monitors
INC-19,2022,Toyota (T-Connect),OEM cloud,Credential exposure,"Access key for a data server published in a public code repository for almost five years",cloud,imp_pii,"Email addresses and customer management numbers of about 296,000 customers exposed",ext_actor|cld_tenant|cld_storage|imp_pii,medium,https://www.bleepingcomputer.com/news/security/toyota-discloses-data-breach-after-access-key-exposed-on-github/
INC-20,2023,MKS Instruments,Semiconductor equipment supplier,Ransomware,"Ransomware intrusion at an upstream equipment and components supplier",supply_chain,imp_prod_stop,"Production and shipments suspended; about USD 200 million of revenue impact reported, with a customer reporting a further USD 250 million impact",ext_actor|sup_tier1|sup_edi|imp_prod_stop,medium,https://www.bleepingcomputer.com/news/security/mks-instruments-faces-200-million-loss-after-february-ransomware-attack/
